<?xml version="1.0" encoding="UTF-8"?>
<project-private xmlns="http://www.netbeans.org/ns/project-private/1">
    <editor-bookmarks xmlns="http://www.netbeans.org/ns/editor-bookmarks/2" lastBookmarkId="0"/>
    <open-files xmlns="http://www.netbeans.org/ns/projectui-open-files/2">
        <group>
            <file>file:/C:/Users/jacob/OneDrive/Documents/NetBeansProjects/CC103-Project-main/absolutecinemaATesterv3/absolutecinemaATesterv3/absolutecinemaATester/src/absolutecinema/Absolutecinema.java</file>
            <file>file:/C:/Users/jacob/OneDrive/Documents/NetBeansProjects/CC103-Project-main/absolutecinemaATesterv3/absolutecinemaATesterv3/absolutecinemaATester/src/absolutecinema/application.css</file>
            <file>file:/C:/Users/jacob/OneDrive/Documents/NetBeansProjects/CC103-Project-main/absolutecinemaATesterv3/absolutecinemaATesterv3/absolutecinemaATester/src/absolutecinema/Main.fxml</file>
            <file>file:/C:/Users/jacob/OneDrive/Documents/NetBeansProjects/CC103-Project-main/absolutecinemaATesterv3/absolutecinemaATesterv3/absolutecinemaATester/src/absolutecinema/MainController.java</file>
            <file>file:/C:/Users/jacob/OneDrive/Documents/NetBeansProjects/CC103-Project-main/absolutecinemaATesterv3/absolutecinemaATesterv3/absolutecinemaATester/src/absolutecinema/ActualBookingController.java</file>
            <file>file:/C:/Users/jacob/OneDrive/Documents/NetBeansProjects/CC103-Project-main/absolutecinemaATesterv3/absolutecinemaATesterv3/absolutecinemaATester/src/absolutecinema/ActualBooking.fxml</file>
            <file>file:/C:/Users/jacob/OneDrive/Documents/NetBeansProjects/CC103-Project-main/absolutecinemaATesterv3/absolutecinemaATesterv3/absolutecinemaATester/src/absolutecinema/AdminMainController.java</file>
        </group>
    </open-files>
</project-private>
